Endpoint,Method,Path,Description,Parameters,Response_Format,Status,Last_Updated,Developer
User Login,POST,/api/auth/login,Authenticate user credentials,"email;password",JSON,Planned,2024-01-01,Backend Team
User Register,POST,/api/auth/register,Create new user account,"email;password;name",JSON,Planned,2024-01-01,Backend Team
Get User Profile,GET,/api/user/profile,Retrieve user profile information,user_id,JSON,Planned,2024-01-01,Backend Team
Update Profile,PUT,/api/user/profile,Update user profile information,"user_id;profile_data",JSON,Planned,2024-01-01,Backend Team
Get Tests,GET,/api/tests,Retrieve available tests,"category;difficulty",JSON,Planned,2024-01-01,Backend Team
Submit Test,POST,/api/tests/submit,Submit test answers,"test_id;answers",JSON,Planned,2024-01-01,Backend Team
Get Test Results,GET,/api/tests/results,Get test results and analysis,test_id,JSON,Planned,2024-01-01,Backend Team
Get Progress,GET,/api/user/progress,Get user learning progress,user_id,JSON,Planned,2024-01-01,Backend Team
Get Flashcards,GET,/api/flashcards,Retrieve flashcard sets,"subject;difficulty",JSON,Planned,2024-01-01,Backend Team
Get Quizzes,GET,/api/quizzes,Retrieve quiz questions,"subject;difficulty",JSON,Planned,2024-01-01,Backend Team 