Task_ID,Task_Name,Description,Priority,Status,Assigned_To,Start_Date,Due_Date,Completion_Date,Notes
TASK-001,Setup Project Structure,Initialize Vite + React + TypeScript project,High,Completed,AI Assistant,2024-01-01,2024-01-01,2024-01-01,Project foundation established
TASK-002,Install UI Components,Setup Shadcn/ui with Tailwind CSS,High,Completed,AI Assistant,2024-01-01,2024-01-01,2024-01-01,All UI components ready
TASK-003,Create Sidebar Component,Build navigation sidebar with menu items,Medium,Completed,AI Assistant,2024-01-01,2024-01-01,2024-01-01,Basic navigation implemented
TASK-004,Setup Routing,Configure React Router for page navigation,High,Completed,AI Assistant,2024-01-01,2024-01-01,2024-01-01,All routes configured
TASK-005,Create Dashboard Page,Build main dashboard interface,Medium,Pending,Developer,2024-01-02,2024-01-05,,Needs design mockup
TASK-006,Implement Authentication,Add login/logout functionality,High,Pending,Developer,2024-01-03,2024-01-07,,Requires backend integration
TASK-007,Create Test Interface,Build quiz/test taking interface,Medium,Pending,Developer,2024-01-04,2024-01-10,,Needs question bank
TASK-008,Add Progress Tracking,Implement user progress monitoring,Low,Pending,Developer,2024-01-05,2024-01-12,,Requires database
TASK-009,Setup API Integration,Connect frontend to backend APIs,High,Pending,Developer,2024-01-06,2024-01-15,,Backend needed
TASK-010,Add Error Handling,Implement comprehensive error handling,Medium,Pending,Developer,2024-01-07,2024-01-18,,Improve UX 